givenName,surname,birthdate
Gavin,Tyra,2012-11-25
Zachary,Danso,2009-08-17
Ethan,Balls,2014-07-06
Justin,Otis,2012-12-25
Mitchel,Elliott,2010-01-03
Daniel,Ririe,2010-07-24
Dawson,Tomlinson,2013-06-12
Carolina,Rowley,2014-03-22
Ryan,Knudson,2010-08-07
Manoel,Gonzalez,2014-01-10
Thomas,Cantarero,2011-08-17
Alexander,Bingham,2015-01-30
Cody,Gjoni,2008-01-14
Tyler,Moreira,2009-10-16
Camron,Jensen,2015-03-01
Lora,de Jong,2014-08-03
Giuliana,Child,2014-12-09
Benjamin,Rojas,2010-12-24
Jonathan,Hibbert,2012-04-09
Lora,Tuckett,2014-09-04
Joshua,Bingham,2015-05-22
Krystiane,Cornelius,2013-08-05
Dylan,Bradford,2008-10-11
Raymond,Cooper,2014-09-28
Chase,McGettigan,2011-10-07
Bryson,Cheuk,2015-03-21
Aoi,Lee,2009-02-22
Joshua,Bringhurst,2011-07-18
Amarsanaa,Cromar,2010-07-15
Camdon,Radke,2009-01-31
Curtis,Loveridge,2011-01-14
Kaden,Potter,2013-02-21
Chase,Grecco,2015-06-18
Robert,Vasiuk,2010-10-20
Ammon,Reeder,2014-11-22
Daniel,Carroll,2012-03-17
Tyler,Gubler,2012-10-01
Jonah,Skinner,2010-09-18
Matthew,Knutzen,2013-09-16
Crescencio,Burke,2013-10-26
Carl,Smith,2015-06-14
Garrett,McMullens,2011-04-22
Jacob,Ortiz,2009-02-04
Jonathan,Weatherston,2013-12-30
Aidan,Havens,2014-08-12
Adam,Chase,2009-08-04
Joshua,Vredenburg,2010-05-22
Jakob,Moore,2008-08-09
Chih-Yang,Olson,2008-12-23
Tanner,McAllister,2009-02-13
Trevor,Johnson,2009-11-19
Cierra,Mikami,2013-10-30
Star,Resendiz,2011-12-19
John,Tsuchiya,2010-06-30
Nathan,Johnson,2013-03-03
Caleb,Aitchison,2011-10-03
Spencer,Duffin,2010-02-26
Shiekahadd,Autran,2012-03-22
Emmanuel,Johnson,2010-09-06
Marco,Zeng,2009-06-25
Colton,Kent,2009-02-25
Brody,Wilson,2013-10-29
Jefferson,Brush,2010-07-30
Cristians,Cannon,2010-10-28
Christopher,Beck,2012-08-12
Ryan,Bishop,2014-11-10
Christopher,Johnson,2011-04-27
Daniel,Rowley,2009-10-16
Jonathan,Martell,2011-08-25
Jared,Jacobs,2013-10-18
Spencer,Biziyabal,2009-07-09
Juan,Miller,2012-06-07
Jordan,White,2012-06-16
Kaleb,Young,2012-06-07
Nathan,Bowman,2014-01-07
Steven,Bond,2013-12-28
Kjellden,Merrell,2009-11-03
Christian,White,2015-01-09
Chaim,Coglianese,2009-11-14
Dallin,Brown,2013-12-17
Raquel,White,2010-05-14
Jason,Smith,2009-11-21
Ernest,Adams,2013-05-15
Aranza,Billman,2012-12-08
Noah,Flora,2011-03-05
Madison,Russell,2012-08-30
Julia,Sorenson,2010-12-26
Andrea,Omokoh,2014-11-08
Virginia,Banta,2010-10-11
Melissa,Littlefield,2009-07-21
Louis,Littlefield,2013-10-21
Diana,Brooks,2012-10-26
Joyce,Cox,2014-07-30
Wayne,Orchard,2010-02-16
Gregory,Kofford,2011-07-22
Richard,Ali,2013-05-29
Jack,Reynolds,2013-12-03
Deborah,Davison,2012-05-10
Larry,Omokoh,2011-03-16
Nancy,Moore,2014-08-02
